{
    "rmse": 0.8220632908421533,
    "mae": 0.6818894241042516,
    "r2": 0.04008676483257456
}